{
    "P17": {
        "Consecutive repeated substring score": 0.853448275862069,
        "Summac precision": 0.21526409829719784,
        "Rouge score": {
            "rouge1-precision": 0.12687701198570012,
            "rouge2-precision": 0.05369792014787525,
            "rouge3-precision": 0.030700811474225615,
            "rougeL-precision": 0.09822509619172971,
            "rougeLsum-precision": 0.10772315970896094,
            "rouge1-recall": 0.6201279527574918,
            "rouge2-recall": 0.26233808209549925,
            "rouge3-recall": 0.12813320191771266,
            "rougeL-recall": 0.495256785371869,
            "rougeLsum-recall": 0.548114943877354,
            "rouge1-f1": 0.19016241985533722,
            "rouge2-f1": 0.07923858079044957,
            "rouge3-f1": 0.04427748949410982,
            "rougeL-f1": 0.14721388126526982,
            "rougeLsum-f1": 0.16204412968791904
        },
        "Prompt repeat score": 0.9913793103448276,
        "Entity score": 0.9482758620689655,
        "Entity hallucination score": 1.0
    },
    "P18": {
        "Consecutive repeated substring score": 0.9051724137931034,
        "Summac precision": 0.2560177353227504,
        "Rouge score": {
            "rouge1-precision": 0.1385744097392981,
            "rouge2-precision": 0.05822988684528655,
            "rouge3-precision": 0.030554606694752674,
            "rougeL-precision": 0.10814548120238751,
            "rougeLsum-precision": 0.11893418612879925,
            "rouge1-recall": 0.6122311173247851,
            "rouge2-recall": 0.26560272756188913,
            "rouge3-recall": 0.12226909377403118,
            "rougeL-recall": 0.4943910644655415,
            "rougeLsum-recall": 0.5424853768319851,
            "rouge1-f1": 0.20643092473950822,
            "rouge2-f1": 0.08661110031858663,
            "rouge3-f1": 0.04478630958373902,
            "rougeL-f1": 0.16198214475027703,
            "rougeLsum-f1": 0.17803768672358483
        },
        "Prompt repeat score": 1.0,
        "Entity score": 0.9482758620689655,
        "Entity hallucination score": 0.9827586206896551
    },
    "P19": {
        "Consecutive repeated substring score": 0.8706896551724138,
        "Summac precision": 0.21605144459119235,
        "Rouge score": {
            "rouge1-precision": 0.14428779545500509,
            "rouge2-precision": 0.05833422011643121,
            "rouge3-precision": 0.030688550567702564,
            "rougeL-precision": 0.11147452684347067,
            "rougeLsum-precision": 0.12272468545697433,
            "rouge1-recall": 0.5957686709844107,
            "rouge2-recall": 0.25187274831934536,
            "rouge3-recall": 0.10480261790277594,
            "rougeL-recall": 0.48254177688189775,
            "rougeLsum-recall": 0.5300764587228746,
            "rouge1-f1": 0.2078456544331754,
            "rouge2-f1": 0.08364064963257711,
            "rouge3-f1": 0.043402096656513185,
            "rougeL-f1": 0.16117551849657968,
            "rougeLsum-f1": 0.1777945910192026
        },
        "Prompt repeat score": 0.9827586206896551,
        "Entity score": 0.9396551724137931,
        "Entity hallucination score": 0.9827586206896551
    },
    "P20": {
        "Consecutive repeated substring score": 0.9913793103448276,
        "Summac precision": 0.292323513319416,
        "Rouge score": {
            "rouge1-precision": 0.1776659532586424,
            "rouge2-precision": 0.06014331582356584,
            "rouge3-precision": 0.03206833700910752,
            "rougeL-precision": 0.1383213179962138,
            "rougeLsum-precision": 0.1454604620357856,
            "rouge1-recall": 0.4512874450676133,
            "rouge2-recall": 0.17530096072672782,
            "rouge3-recall": 0.09452471468092846,
            "rougeL-recall": 0.36852095553117237,
            "rougeLsum-recall": 0.3861279290708524,
            "rouge1-f1": 0.22058538908926606,
            "rouge2-f1": 0.07917070782897717,
            "rouge3-f1": 0.0431369571600948,
            "rougeL-f1": 0.17438534905115047,
            "rougeLsum-f1": 0.1833860188697936
        },
        "Prompt repeat score": 1.0,
        "Entity score": 0.8879310344827587,
        "Entity hallucination score": 0.9827586206896551
    },
    "P21": {
        "Consecutive repeated substring score": 0.9741379310344828,
        "Summac precision": 0.2603613861367304,
        "Rouge score": {
            "rouge1-precision": 0.14989290683780893,
            "rouge2-precision": 0.05902557342107459,
            "rouge3-precision": 0.030390251688757627,
            "rougeL-precision": 0.11344128478571593,
            "rougeLsum-precision": 0.11901686409292998,
            "rouge1-recall": 0.525188739678719,
            "rouge2-recall": 0.17664432259281532,
            "rouge3-recall": 0.08214842863706799,
            "rougeL-recall": 0.4156177934152603,
            "rougeLsum-recall": 0.44280739397153207,
            "rouge1-f1": 0.20938619604414904,
            "rouge2-f1": 0.07988172082546158,
            "rouge3-f1": 0.040296538302515054,
            "rougeL-f1": 0.159719320536602,
            "rougeLsum-f1": 0.1680527902918883
        },
        "Prompt repeat score": 1.0,
        "Entity score": 0.9137931034482759,
        "Entity hallucination score": 0.9741379310344828
    },
    "P22": {
        "Consecutive repeated substring score": 1.0,
        "Summac precision": 0.2602923424832018,
        "Rouge score": {
            "rouge1-precision": 0.2083481189211982,
            "rouge2-precision": 0.07879623643546729,
            "rouge3-precision": 0.04231400510200357,
            "rougeL-precision": 0.16180904943275815,
            "rougeLsum-precision": 0.1678161590211225,
            "rouge1-recall": 0.4398655511022303,
            "rouge2-recall": 0.15477160475175822,
            "rouge3-recall": 0.08423004394613264,
            "rougeL-recall": 0.35119800352729963,
            "rougeLsum-recall": 0.36338276521707064,
            "rouge1-f1": 0.2480434205469388,
            "rouge2-f1": 0.09526174040809587,
            "rouge3-f1": 0.05182247305109269,
            "rougeL-f1": 0.1927668957351173,
            "rougeLsum-f1": 0.19943338392106202
        },
        "Prompt repeat score": 1.0,
        "Entity score": 0.9396551724137931,
        "Entity hallucination score": 1.0
    }
}